item_id,item_name,manual_avg_sale_price_ils_before,item_updated_at_before,realized_90d_net_ex_vat,units_90d
FG-DET-1L,DETOX 1L,50.7300,2026-06-25,42.2160,4075
FG-MAT-500G,MATCHA 0.5KG,528.6000,2026-06-25,392.5568,400
FG-MAT-18G,MATCHA 18G (carton of 22),454.6600,2026-06-25,374.6698,378
FG-NAM-1L,NAMASTEA 1L,50.9100,2026-06-25,42.8706,3185
FG-FRE-1L,FRESH 1L,51.4800,2026-06-25,43.6177,2600
FG-DET-1L-NS,DETOX 1L NO SUGAR,51.5600,2026-06-25,43.0582,2073
FG-REV-1L,REVIVE 1L,50.3200,2026-06-25,43.2004,1572
FG-FRE-1L-NS,FRESH 1L NO SUGAR,53.3200,2026-06-25,45.7249,1015
FG-CAL-1L,CALM 1L,53.0001,2026-06-25,44.6704,968
FG-ENE-1L,ENERGY 1L,55.1500,2026-06-25,46.5023,841
FG-CON-1L,CONSCIOUSNESS 1L,49.8400,2026-06-25,43.6525,819
ADD-ODK-STR-1L,ODK STRAWBERRY 1L SMOOTHIE,53.8400,2026-06-25,42.8869,832
ADD-ODK-MAN-1L,ODK MANGO 1L SMOOTHIE,54.0000,2026-06-25,42.6102,699
FG-DET-500ML,DETOX 0.5L,26.9200,2026-06-25,22.2828,1268
FG-FRE-500ML,FRESH 0.5L,26.1100,2026-06-25,22.6945,1153
FG-DES-1L,DESERTEA 1L,48.3999,2026-06-25,45.8551,565
FG-DET-500ML-NS,DETOX 0.5L NO SUGAR,25.3899,2026-06-25,21.6656,859
FG-NAM-500ML,NAMASTEA 0.5L,24.9800,2026-08-03,21.3694,831
ADD-UBE-1KG,UBE POWDER 1KG,340.0000,2026-06-19,272.6675,63
FG-REV-500ML,REVIVE 0.5L,25.5800,2026-06-25,22.1123,776
FG-MAT-30G,MATCHA 30G,38.0000,2026-06-25,32.2034,530
FG-ENE-500ML,ENERGY 0.5L,26.6300,2026-06-25,23.4969,699
FG-NM-1L,NONOMIMI SANGRIA 1L,38.0000,2026-06-25,32.9567,378
FG-FRE-500ML-NS,FRESH 0.5L NO SUGAR,27.8600,2026-06-25,22.3637,498
FG-CAL-500ML,CALM 0.5L,27.8600,2026-06-25,23.6557,453
ADD-UBE-500G,UBE POWDER 500G,130.0000,2026-06-19,112.8586,93
FG-DET-STR-500ML,TUTEA ELITA 0.5L,24.0000,2026-06-30,20.3389,462
FG-CON-500ML,CONSCIOUSNESS 0.5L,26.0999,2026-06-25,21.8345,390
FG-NM-3850ML,NONOMIMI SANGRIA 3.85L,123.0000,2026-06-25,104.2367,61
FG-SAN-WHI-3850ML,WHITE SANGRIA 3.85L,108.3000,2026-06-26,159.8736,36
FG-SAN-WHI-300ML,WHITE SANGRIA ELITA 0.3L,,2026-07-22,13.5593,292
FG-SAN-WHI-1L,WHITE SANGRIA 1L,35.3000,2026-06-26,35.6195,100
ADD-ODK-PEA-1L,ODK PEACH 1L SMOOTHIE,55.1900,2026-06-25,45.6009,74
GT-MAT-KIT,MATCHA ADDITIONAL KIT,128.6000,2026-08-03,106.5077,31
FG-MAR-CLA-300ML,MARGARITA CLASSIC ELITA 0.3L,25.0000,2026-06-25,21.1864,132
FG-MAR-PEA-300ML,MARGARITA PEAR ELITA 0.3L,25.0000,2026-06-25,21.1864,132
FG-MAR-STR-300ML,MARGARITA STRAWBERRY ELITA 0.3L,25.0000,2026-08-03,21.1864,132
FG-SAN-RED-3850ML,RED SANGRIA 3.85L,111.0700,2026-06-26,159.8731,16
FG-UBE-CAN-50,UBE CAN 50G,40.1200,2026-08-27,25.4237,100
FG-SAN-WHI-750ML,WHITE SANGRIA ELITA 0.75L,33.0000,2026-08-03,26.0592,96
FG-DES-500ML,DESERTEA 0.5L,24.5723,2026-08-03,25.9583,96
FG-SAN-PIN-1L,PINK SANGRIA 1L,43.1800,2026-06-25,38.0827,48
FG-COS-LYC-300ML,COSMO LYCHEE 0.3L,25.0000,2026-06-25,21.1865,82
AP-FRO-MAT,MATCHA FROTHER,100.0000,2026-06-25,79.7641,17
ADD-GAR-ORA-DRY,DRIED ORANGE GARNISH,14.9400,2026-06-25,12.9241,88
FG-SAN-BAB-RED-750ML,RED SANGRIA BABKA 0.75L,45.0000,2026-08-03,38.1356,18
FG-SAN-RED-300ML,RED SANGRIA ELITA 0.3L,,2026-07-22,13.5590,42
ADD-ROSE-200G,DRIED ROSE 200G,,2026-07-23,34.2254,13
ADD-MAT-BOWL,TRADITIONAL MATCHA BOWL NONOMIMI,100.0000,2026-08-01,67.7980,5
AP-DRI-COC-CHI,COCONUT CHIPS,99.0000,2026-06-25,83.8975,4
ADD-GAR-CIN-STICKS,CINNAMON STICKS GARNISH,60.0001,2026-06-25,50.8467,6
FG-SAN-BAB-WHI-750ML,WHITE SANGRIA BABKA 0.75L,45.0000,2026-08-03,38.1350,6
AP-SCO-MAT,BAMBOO MATCHA SCOOP,11.0000,2026-08-03,6.2381,36
AP-DRI-PIN-1KG,PINEAPPLE DRIED 1KG,80.0000,2026-06-25,67.7967,3
AP-CUP-MAT-600,MATCHA 600 ML CUP,30.0000,2026-06-25,16.9467,6
FG-SAN-RED-750ML,RED SANGRIA ELITA 0.75L,33.0000,2026-06-25,,0
ADD-HOJ-500G,HOJICHA POWDER 500G,375.0000,2026-08-10,,0
ADD-ODK-ACB-1L,ODK ACAI-BANANA 1L SMOOTHIE,,2026-08-19,,0
ADD-ODK-RED-1L,ODK RED FRUITS 1L SMOOTHIE,,2026-08-19,,0
FG-HOJ-CAN-30,HOJICHA CAN 30G,51.9200,2026-08-27,,0
FG-MAT-CAN-30,GT MATCHA CAN 30G,63.7200,2026-08-27,,0
