דף,משפחה,משקה,רכיבים,עלות בקטלוג,מודל ממומש,פער ₪,פער %,חלק GT %,מודל לפי מחירון
23,03 SIGNATURE,חליטת תפוח היביסקוס,קרח + 40 מ״ל מיץ תפוחים + 40 מ״ל תרכיז GT + גרניש,4.45,2.57,+1.88,+73%,68%,3.41
20,03 SIGNATURE,חליטת אפרסק מדברית,קרח + 40 מ״ל מחית אפרסק + 40 מ״ל תרכיז GT + גרניש,6.40,4.02,+2.38,+59%,88%,5.71
21,03 SIGNATURE,חליטת תות לואיזה,קרח + 40 מ״ל מחית תות + 40 מ״ל תרכיז GT + גרניש,6.40,4.02,+2.38,+59%,88%,5.71
22,03 SIGNATURE,חליטת מנגו סנצ'ה,קרח + 40 מ״ל מנגו + 40 מ״ל תרכיז GT + גרניש,6.40,4.02,+2.38,+59%,88%,5.71
56,09 COLD FOAM,צ'אי מסאלה קולד פואם פיסטוק,קרח + ⅔ כוס חלב + 50 מ״ל מסאלה GT + 70 מ״ל קצף קר חלבי + פיסטוק גרוס,7.12,4.55,+2.57,+57%,48%,5.60
49,08 CHAI MASSALA,צ'אי מסאלה על הקרח,קרח + ⅔ כוס מים + 50 מ״ל מסאלה GT + 70 מ״ל קצף חלב,4.38,2.82,+1.56,+56%,78%,3.87
48,08 CHAI MASSALA,אייס צ'אי מסאלה קלאסי,קרח + ⅔ כוס חלב + 50 מ״ל מסאלה GT + 70 מ״ל קצף חלב + קינמון,6.32,4.10,+2.22,+54%,53%,5.15
63,10 UBE,אייס אובה מסאלה,קרח + 50 מ״ל מסאלה GT + ⅔ כוס חלב + 50 מ״ל אובה (2 גר') + 70 מ״ל קצף חלב,6.92,4.50,+2.42,+54%,61%,5.82
55,09 COLD FOAM,צ'אי מסאלה קולד פואם וניל,קרח + ⅔ כוס מים + 50 מ״ל מסאלה GT + 70 מ״ל קצף קר חלבי + תמצית וניל,4.68,3.07,+1.61,+53%,71%,4.12
50,08 CHAI MASSALA,דירטי צ'אי,קרח + ⅔ כוס חלב + 50 מ״ל מסאלה GT + מנת אספרסו + 70 מ״ל קצף חלב,7.22,4.85,+2.37,+49%,45%,5.90
58,09 COLD FOAM,צ'אי מסאלה קולד פואם בננה,קרח + ⅔ כוס חלב + 50 מ״ל מסאלה GT + מחית בננה + 70 מ״ל קצף קר חלבי,6.82,4.75,+2.07,+44%,46%,5.80
60,10 UBE,אייס אובה תות,קרח + 40 מ״ל מחית תות + ⅔ כוס חלב + 50 מ״ל אובה (2 גר') + 70 מ״ל קצף חלב,5.87,4.07,+1.80,+44%,57%,5.18
61,10 UBE,אייס אובה מנגו,קרח + 40 מ״ל מנגו + ⅔ כוס חלב + 50 מ״ל אובה (2 גר') + 70 מ״ל קצף חלב,5.87,4.07,+1.80,+44%,57%,5.18
62,10 UBE,אייס אובה אפרסק,קרח + 40 מ״ל מחית אפרסק + ⅔ כוס חלב + 50 מ״ל אובה (2 גר') + 70 מ״ל קצף חלב,5.87,4.07,+1.80,+44%,57%,5.18
8,01 ICED TEA,חליטת היביסקוס וליים,קרח + 50 מ״ל תרכיז GT + סלייס לימון + עשבי קישוט,4.05,2.84,+1.21,+42%,77%,3.89
9,01 ICED TEA,חליטת קמומיל ותפוח,קרח + 50 מ״ל תרכיז GT + סלייס לימון + עשבי קישוט,4.05,2.84,+1.21,+42%,77%,3.89
10,01 ICED TEA,חליטה מדברית,קרח + 50 מ״ל תרכיז GT + סלייס לימון + עשבי קישוט,4.05,2.84,+1.21,+42%,77%,3.89
11,01 ICED TEA,חליטת סנצ'ה ופסיפלורה,קרח + 50 מ״ל תרכיז GT + סלייס לימון + עשבי קישוט,4.05,2.84,+1.21,+42%,77%,3.89
12,01 ICED TEA,חליטת תה ירוק וליים,קרח + 50 מ״ל תרכיז GT + סלייס לימון + עשבי קישוט,4.05,2.84,+1.21,+42%,77%,3.89
13,01 ICED TEA,חליטת תה ירוק ולמון גראס,קרח + 50 מ״ל תרכיז GT + סלייס לימון + עשבי קישוט,4.05,2.84,+1.21,+42%,77%,3.89
14,01 ICED TEA,חליטת יסמין וליצ'י,קרח + 50 מ״ל תרכיז GT + סלייס לימון + עשבי קישוט,4.05,2.84,+1.21,+42%,77%,3.89
33,05 ICE MATCHA,אייס מאצ'ה מסאלה,קרח + 40 מ״ל תמצית מסאלה GT + ⅔ כוס חלב + 50 מ״ל מאצ'ה (1.8 גר') + 70 מ״ל קצף חלב,7.51,5.44,+2.07,+38%,68%,7.21
37,06 MATCHA SPECIALS,אייס מאצ'ה פיסטוק,קרח + ⅔ כוס חלב + 50 מ״ל מאצ'ה (1.8 גר') + פיסטוק גרוס + 70 מ״ל קצף חלב,5.81,4.29,+1.52,+35%,45%,5.22
38,06 MATCHA SPECIALS,אייס מאצ'ה שומשום שחור,קרח + ⅔ כוס חלב + 50 מ״ל מאצ'ה (1.8 גר') + שומשום שחור + 70 מ״ל קצף חלב,5.21,3.89,+1.32,+34%,50%,4.82
29,05 ICE MATCHA,אייס מאצ'ה קלאסי,קרח + ⅔ כוס חלב + 50 מ״ל מאצ'ה (1.8 גר') + 70 מ״ל קצף חלב,4.91,3.69,+1.22,+33%,52%,4.62
64,10 UBE,אייס אובה מאצ'ה,קרח + 50 מ״ל מאצ'ה (1.8 גר') + ⅔ כוס חלב + 50 מ״ל אובה (2 גר') + 70 מ״ל קצף חלב,5.61,4.24,+1.37,+32%,59%,5.43
53,08 CHAI MASSALA,צ'אי מסאלה ומיץ תפוזים,קרח + 50 מ״ל מסאלה GT + ~150 מ״ל מיץ תפוזים,5.35,4.09,+1.26,+31%,54%,5.14
26,04 GAZOZ,גזוז מדברי ואפרסק,קרח + 40 מ״ל מחית אפרסק + 40 מ״ל תרכיז GT + ~150 מ״ל סודה + גרניש לפי טעם,5.80,4.47,+1.33,+30%,79%,6.16
30,05 ICE MATCHA,אייס מאצ'ה מנגו,קרח + 40 מ״ל מנגו + ⅔ כוס חלב + 50 מ״ל מאצ'ה (1.8 גר') + 70 מ״ל קצף חלב,7.11,5.45,+1.66,+30%,68%,7.23
31,05 ICE MATCHA,אייס מאצ'ה תות,קרח + 40 מ״ל מחית תות + ⅔ כוס חלב + 50 מ״ל מאצ'ה (1.8 גר') + 70 מ״ל קצף חלב,7.11,5.45,+1.66,+30%,68%,7.23
32,05 ICE MATCHA,אייס מאצ'ה אפרסק,קרח + 40 מ״ל מחית אפרסק + ⅔ כוס חלב + 50 מ״ל מאצ'ה (1.8 גר') + 70 מ״ל קצף חלב,7.11,5.45,+1.66,+30%,68%,7.23
39,06 MATCHA SPECIALS,אייס מאצ'ה קפה,קרח + ⅔ כוס חלב + 50 מ״ל מאצ'ה (1.8 גר') + מנת אספרסו + 70 מ״ל קצף חלב,5.91,4.59,+1.32,+29%,42%,5.52
25,04 GAZOZ,גזוז יסמין וליצ'י,קרח + 40 מ״ל מי ליצ'י + 40 מ״ל תרכיז GT + ~150 מ״ל סודה + 2 ליצ'י,5.20,4.06,+1.14,+28%,43%,4.90
52,08 CHAI MASSALA,צ'אי מסאלה פינק טוניק,קרח + 50 מ״ל מסאלה GT + ~150 מ״ל טוניק ורדים,4.85,3.79,+1.06,+28%,58%,4.84
27,04 GAZOZ,גזוז היביסקוס ותפוח,קרח + 40 מ״ל מיץ תפוחים + 40 מ״ל תרכיז GT + ~150 מ״ל סודה + גרניש לפי טעם,3.85,3.02,+0.83,+27%,58%,3.86
16,02 LEMONADE,לימונדת היביסקוס וליים,קרח + 50 מ״ל תרכיז GT + ~250 מ״ל לימונדה,4.10,3.29,+0.81,+25%,67%,4.34
17,02 LEMONADE,לימונדה מדברית,קרח + 50 מ״ל תרכיז GT + ~250 מ״ל לימונדה,4.10,3.29,+0.81,+25%,67%,4.34
18,02 LEMONADE,לימונדת צ'אי מסאלה,קרח + 50 מ״ל תרכיז GT + ~250 מ״ל לימונדה,4.10,3.29,+0.81,+25%,67%,4.34
40,06 MATCHA SPECIALS,אייס מאצ'ה בננה,קרח + ⅔ כוס חלב + 50 מ״ל מאצ'ה (1.8 גר') + מחית בננה + 70 מ״ל קצף חלב,5.51,4.49,+1.02,+23%,43%,5.42
51,08 CHAI MASSALA,צ'אי מסאלה תפוז וטוניק,קרח + 50 מ״ל מסאלה GT + ~150 מ״ל טוניק + תפוז יבש,5.15,4.29,+0.86,+20%,51%,5.34
34,05 ICE MATCHA,מאצ'ה אגבה על הקרח,קרח + ⅔ כוס מים + 15 מ״ל סירופ אגבה + 50 מ״ל מאצ'ה (1.8 גר') + 70 מ״ל קצף חלב,3.57,3.16,+0.41,+13%,61%,4.09
57,09 COLD FOAM,צ'אי תאילנדי קוקוס קולד פואם,קרח + ~150 מ״ל מי קוקוס + 50 מ״ל מסאלה GT + 70 מ״ל קרם קוקוס,5.15,5.35,-0.20,-4%,41%,6.40
36,06 MATCHA SPECIALS,אייס מאצ'ה וניל,קרח + ⅔ כוס חלב + 50 מ״ל מאצ'ה (1.8 גר') + מקל וניל + 70 מ״ל קצף חלב,5.51,6.19,-0.68,-11%,31%,7.12
44,07 MATCHA COCONUT,מאצ'ה קוקוס תות,קרח + 40 מ״ל מחית תות + ~150 מ״ל מי קוקוס + 70 מ״ל קרם קוקוס + 50 מ״ל מאצ'ה (1.8 גר'),6.04,6.86,-0.82,-12%,54%,8.64
45,07 MATCHA COCONUT,מאצ'ה קוקוס מנגו,קרח + 40 מ״ל מנגו + ~150 מ״ל מי קוקוס + 70 מ״ל קרם קוקוס + 50 מ״ל מאצ'ה (1.8 גר'),6.04,6.86,-0.82,-12%,54%,8.64
46,07 MATCHA COCONUT,מאצ'ה קוקוס אפרסק,קרח + 40 מ״ל מחית אפרסק + ~150 מ״ל מי קוקוס + 70 מ״ל קרם קוקוס + 50 מ״ל מאצ'ה (1.8 גר'),6.04,6.86,-0.82,-12%,54%,8.64
43,07 MATCHA COCONUT,מאצ'ה קוקוס ליצ'י,קרח + 40 מ״ל מי ליצ'י + ~150 מ״ל מי קוקוס + 70 מ״ל קרם קוקוס + 50 מ״ל מאצ'ה (1.8 גר'),4.84,5.65,-0.81,-14%,34%,6.58
42,07 MATCHA COCONUT,מאצ'ה קוקוס אגבה,קרח + 15 מ״ל סירופ אגבה + ~150 מ״ל מי קוקוס + 70 מ״ל קרם קוקוס + 50 מ״ל מאצ'ה (1.8 גר'),4.34,5.69,-1.35,-24%,34%,6.62
